Level,Word,Hint,Letters,Category,Tier
1,cat,c_t,3,Animals,Easy
2,dog,d_g,3,Animals,Easy
3,sun,s_n,3,Basic,Easy
4,cup,c_p,3,Basic,Easy
5,hat,h_t,3,Basic,Easy
6,neck,ne_k,4,Basic,Easy
7,milk,mi_k,4,Basic,Easy
8,snap,sn_p,4,Basic,Easy
9,gold,g_ld,4,Basic,Easy
10,weed,w_ed,4,Basic,Easy
11,brat,br_t,4,Basic,Easy
12,tilt,ti_t,4,Basic,Easy
13,lamp,la_p,4,Basic,Easy
14,tube,tu_e,4,Basic,Easy
15,flag,f_ag,4,Basic,Easy
16,wake,wa_e,4,Basic,Easy
17,woke,wo_e,4,Slang,Easy
18,wide,wi_e,4,Basic,Easy
19,leaf,le_f,4,Basic,Easy
20,pain,pa_n,4,Basic,Easy
21,tiny,t_ny,4,Basic,Easy
22,bruh,b_uh,4,Slang,Easy
23,tone,t_ne,4,Basic,Easy
24,urge,u_ge,4,Basic,Easy
25,yeet,y_et,4,Slang,Easy
26,huge,hu_e,4,Basic,Easy
27,heat,h_at,4,Basic,Easy
28,wave,wa_e,4,Basic,Easy
29,page,p_ge,4,Basic,Easy
30,heal,h_al,4,Basic,Easy
31,rise,r_se,4,Basic,Easy
32,kick,k_ck,4,Basic,Easy
33,rank,ra_k,4,Basic,Easy
34,door,d_or,4,Basic,Easy
35,play,pl_y,4,Basic,Easy
36,cope,c_pe,4,Basic,Easy
37,rest,r_st,4,Basic,Easy
38,hype,h_pe,4,Basic,Easy
39,push,pu_h,4,Basic,Easy
40,mist,mi_t,4,Basic,Easy
41,open,o_en,4,Basic,Easy
42,stay,s_ay,4,Basic,Easy
43,fire,fi_e,4,Slang,Easy
44,lift,li_t,4,Basic,Easy
45,hunt,h_nt,4,Basic,Easy
46,goat,g_at,4,Slang,Easy
47,late,la_e,4,Basic,Easy
48,pool,p_ol,4,Basic,Easy
49,pose,po_e,4,Basic,Easy
50,stop,s_op,4,Basic,Easy
51,coin,c_in,4,Basic,Easy
52,view,vi_w,4,Basic,Easy
53,news,ne_s,4,Basic,Easy
54,dark,d_rk,4,Basic,Easy
55,port,po_t,4,Basic,Easy
56,wait,w_it,4,Basic,Easy
57,farm,fa_m,4,Basic,Easy
58,neat,ne_t,4,Basic,Easy
59,stem,st_m,4,Basic,Easy
60,time,ti_e,4,Basic,Easy
61,mask,m_sk,4,Basic,Easy
62,mint,m_nt,4,Basic,Easy
63,read,re_d,4,Basic,Easy
64,mark,m_rk,4,Basic,Easy
65,snow,s_ow,4,Basic,Easy
66,glow,g_ow,4,Basic,Easy
67,sand,s_nd,4,Basic,Easy
68,safe,s_fe,4,Basic,Easy
69,kiss,k_ss,4,Basic,Easy
70,tame,ta_e,4,Basic,Easy
71,love,l_ve,4,Basic,Easy
72,wild,wi_d,4,Basic,Easy
73,home,h_me,4,Basic,Easy
74,wind,wi_d,4,Basic,Easy
75,poem,p_em,4,Basic,Easy
76,face,f_ce,4,Basic,Easy
77,fave,f_ve,4,Basic,Easy
78,ball,ba_l,4,Basic,Easy
79,size,s_ze,4,Basic,Easy
80,spin,sp_n,4,Basic,Easy
81,skip,sk_p,4,Basic,Easy
82,slay,s_ay,4,Slang,Easy
83,pale,p_le,4,Basic,Easy
84,seat,s_at,4,Basic,Easy
85,mind,mi_d,4,Basic,Easy
86,roof,ro_f,4,Basic,Easy
87,task,t_sk,4,Basic,Easy
88,jump,j_mp,4,Basic,Easy
89,long,l_ng,4,Basic,Easy
90,knot,kn_t,4,Basic,Easy
91,cake,ca_e,4,Food,Easy
92,verb,v_rb,4,Basic,Easy
93,park,p_rk,4,Basic,Easy
94,pack,pa_k,4,Basic,Easy
95,song,s_ng,4,Basic,Easy
96,ride,r_de,4,Basic,Easy
97,head,he_d,4,Basic,Easy
98,yard,ya_d,4,Basic,Easy
99,rich,r_ch,4,Basic,Easy
100,fomo,f_mo,4,Slang,Easy
101,book,bo_k,4,Basic,Easy
102,slip,sl_p,4,Basic,Easy
103,vibe,vi_e,4,Slang,Easy
104,wire,wi_e,4,Basic,Easy
105,bone,bo_e,4,Basic,Easy
106,talk,t_lk,4,Basic,Easy
107,toad,to_d,4,Basic,Easy
108,lane,la_e,4,Basic,Easy
109,pink,p_nk,4,Basic,Easy
110,year,ye_r,4,Basic,Easy
111,true,t_ue,4,Basic,Easy
112,tour,to_r,4,Basic,Easy
113,need,ne_d,4,Basic,Easy
114,send,se_d,4,Basic,Easy
115,scar,sc_r,4,Basic,Easy
116,wool,w_ol,4,Basic,Easy
117,flex,fl_x,4,Slang,Easy
118,pace,p_ce,4,Basic,Easy
119,nail,n_il,4,Basic,Easy
120,hope,ho_e,4,Basic,Easy
121,work,w_rk,4,Basic,Easy
122,slow,s_ow,4,Basic,Easy
123,tell,t_ll,4,Basic,Easy
124,joke,jo_e,4,Basic,Easy
125,tide,ti_e,4,Basic,Easy
126,mall,m_ll,4,Basic,Easy
127,rope,r_pe,4,Basic,Easy
128,wrap,wr_p,4,Basic,Easy
129,yoga,y_ga,4,Basic,Easy
130,wish,w_sh,4,Basic,Easy
131,tree,t_ee,4,Basic,Easy
132,wall,w_ll,4,Basic,Easy
133,pile,p_le,4,Basic,Easy
134,plan,p_an,4,Basic,Easy
135,tool,to_l,4,Basic,Easy
136,yell,ye_l,4,Basic,Easy
137,torn,to_n,4,Basic,Easy
138,rule,r_le,4,Basic,Easy
139,move,mo_e,4,Basic,Easy
140,rent,r_nt,4,Basic,Easy
141,tune,t_ne,4,Basic,Easy
142,icon,ic_n,4,Basic,Easy
143,hard,ha_d,4,Basic,Easy
144,bird,b_rd,4,Animals,Easy
145,vote,vo_e,4,Basic,Easy
146,boat,bo_t,4,Basic,Easy
147,turn,t_rn,4,Basic,Easy
148,math,m_th,4,Basic,Easy
149,pine,pi_e,4,Basic,Easy
150,roll,r_ll,4,Basic,Easy
151,model,mo_el,5,Common,Medium
152,grasp,g_asp,5,Common,Medium
153,shame,sha_e,5,Common,Medium
154,brave,bra_e,5,Common,Medium
155,quiet,q_iet,5,Common,Medium
156,truth,tru_h,5,Common,Medium
157,money,mon_y,5,Common,Medium
158,maker,ma_er,5,Common,Medium
159,fault,fau_t,5,Common,Medium
160,study,s_udy,5,Common,Medium
161,teach,te_ch,5,Common,Medium
162,black,bla_k,5,Common,Medium
163,polar,pol_r,5,Common,Medium
164,worth,w_rth,5,Common,Medium
165,grief,gri_f,5,Common,Medium
166,focus,fo_us,5,Common,Medium
167,usual,usu_l,5,Common,Medium
168,trash,tra_h,5,Common,Medium
169,frame,fra_e,5,Common,Medium
170,turnt,tur_t,5,Slang,Medium
171,juicy,ju_cy,5,Common,Medium
172,blend,ble_d,5,Common,Medium
173,knife,k_ife,5,Common,Medium
174,plane,pl_ne,5,Common,Medium
175,remix,rem_x,5,Common,Medium
176,elite,el_te,5,Common,Medium
177,rally,ra_ly,5,Common,Medium
178,child,c_ild,5,Common,Medium
179,merit,mer_t,5,Common,Medium
180,treat,tre_t,5,Common,Medium
181,block,bl_ck,5,Common,Medium
182,drift,d_ift,5,Common,Medium
183,night,ni_ht,5,Common,Medium
184,throw,t_row,5,Common,Medium
185,prime,pri_e,5,Common,Medium
186,click,c_ick,5,Common,Medium
187,theme,th_me,5,Tech,Medium
188,brick,bri_k,5,Common,Medium
189,while,whi_e,5,Common,Medium
190,flash,fl_sh,5,Common,Medium
191,south,s_uth,5,Common,Medium
192,quota,qu_ta,5,Common,Medium
193,crown,c_own,5,Common,Medium
194,shark,sh_rk,5,Animals,Medium
195,match,m_tch,5,Common,Medium
196,funny,f_nny,5,Common,Medium
197,guess,gu_ss,5,Common,Medium
198,rapid,ra_id,5,Common,Medium
199,blast,b_ast,5,Common,Medium
200,upset,ups_t,5,Common,Medium
201,watch,wa_ch,5,Common,Medium
202,legal,le_al,5,Common,Medium
203,risky,r_sky,5,Common,Medium
204,loose,l_ose,5,Common,Medium
205,shock,s_ock,5,Common,Medium
206,score,sco_e,5,Common,Medium
207,fifth,fi_th,5,Common,Medium
208,orbit,o_bit,5,Common,Medium
209,debut,deb_t,5,Common,Medium
210,hurry,hur_y,5,Common,Medium
211,swamp,s_amp,5,Common,Medium
212,booth,b_oth,5,Common,Medium
213,floor,f_oor,5,Common,Medium
214,enemy,ene_y,5,Common,Medium
215,bloom,b_oom,5,Common,Medium
216,stake,s_ake,5,Common,Medium
217,claim,cla_m,5,Common,Medium
218,token,tok_n,5,Tech,Medium
219,fruit,fr_it,5,Food,Medium
220,check,c_eck,5,Common,Medium
221,press,pre_s,5,Common,Medium
222,drink,dri_k,5,Common,Medium
223,honey,h_ney,5,Food,Medium
224,where,w_ere,5,Common,Medium
225,swear,s_ear,5,Common,Medium
226,fairy,fai_y,5,Common,Medium
227,stall,s_all,5,Common,Medium
228,image,ima_e,5,Common,Medium
229,chair,c_air,5,Common,Medium
230,guest,gue_t,5,Common,Medium
231,saint,sai_t,5,Common,Medium
232,robot,rob_t,5,Tech,Medium
233,think,th_nk,5,Common,Medium
234,crush,c_ush,5,Common,Medium
235,feast,fe_st,5,Common,Medium
236,creek,cr_ek,5,Common,Medium
237,price,p_ice,5,Common,Medium
238,whole,w_ole,5,Common,Medium
239,chill,ch_ll,5,Common,Medium
240,manga,ma_ga,5,Common,Medium
241,based,b_sed,5,Slang,Medium
242,range,r_nge,5,Common,Medium
243,smell,sme_l,5,Common,Medium
244,fable,fa_le,5,Common,Medium
245,lower,l_wer,5,Common,Medium
246,goofy,g_ofy,5,Slang,Medium
247,bound,b_und,5,Common,Medium
248,trick,tr_ck,5,Common,Medium
249,piece,pi_ce,5,Common,Medium
250,glove,g_ove,5,Common,Medium
251,spill,sp_ll,5,Common,Medium
252,teeth,t_eth,5,Common,Medium
253,proud,p_oud,5,Common,Medium
254,pivot,piv_t,5,Common,Medium
255,thorn,t_orn,5,Common,Medium
256,bunch,bu_ch,5,Common,Medium
257,visit,vi_it,5,Common,Medium
258,extra,ext_a,5,Slang,Medium
259,boost,b_ost,5,Common,Medium
260,motor,mot_r,5,Common,Medium
261,table,t_ble,5,Common,Medium
262,enter,en_er,5,Common,Medium
263,heavy,h_avy,5,Common,Medium
264,tired,tir_d,5,Common,Medium
265,layer,la_er,5,Common,Medium
266,shout,sho_t,5,Common,Medium
267,light,li_ht,5,Common,Medium
268,proof,pr_of,5,Common,Medium
269,cream,cre_m,5,Food,Medium
270,juice,j_ice,5,Food,Medium
271,spray,spr_y,5,Common,Medium
272,track,tr_ck,5,Common,Medium
273,brook,bro_k,5,Common,Medium
274,spicy,s_icy,5,Common,Medium
275,stuck,s_uck,5,Common,Medium
276,seven,sev_n,5,Common,Medium
277,thick,thi_k,5,Common,Medium
278,force,fo_ce,5,Common,Medium
279,jazzy,j_zzy,5,Common,Medium
280,smart,s_art,5,Common,Medium
281,crazy,cr_zy,5,Common,Medium
282,funky,fun_y,5,Common,Medium
283,stone,st_ne,5,Common,Medium
284,teens,te_ns,5,Common,Medium
285,magic,mag_c,5,Common,Medium
286,print,pri_t,5,Common,Medium
287,split,sp_it,5,Common,Medium
288,craft,c_aft,5,Common,Medium
289,broad,bro_d,5,Common,Medium
290,worry,wor_y,5,Common,Medium
291,gloss,glo_s,5,Common,Medium
292,dance,da_ce,5,Common,Medium
293,young,yo_ng,5,Common,Medium
294,class,cl_ss,5,Common,Medium
295,ready,rea_y,5,Common,Medium
296,mouse,mo_se,5,Common,Medium
297,solid,so_id,5,Common,Medium
298,union,uni_n,5,Common,Medium
299,float,fl_at,5,Common,Medium
300,frank,f_ank,5,Common,Medium
301,three,th_ee,5,Common,Medium
302,olive,o_ive,5,Food,Medium
303,right,r_ght,5,Common,Medium
304,space,spa_e,5,Common,Medium
305,death,d_ath,5,Common,Medium
306,quest,q_est,5,Common,Medium
307,media,me_ia,5,Common,Medium
308,great,gre_t,5,Common,Medium
309,limit,l_mit,5,Common,Medium
310,devil,dev_l,5,Common,Medium
311,stack,sta_k,5,Tech,Medium
312,steel,s_eel,5,Common,Medium
313,clean,c_ean,5,Common,Medium
314,purse,pur_e,5,Common,Medium
315,train,tra_n,5,Common,Medium
316,voice,voi_e,5,Common,Medium
317,chain,cha_n,5,Common,Medium
318,shell,s_ell,5,Common,Medium
319,taste,ta_te,5,Common,Medium
320,false,fa_se,5,Common,Medium
321,reach,r_ach,5,Common,Medium
322,sleep,s_eep,5,Common,Medium
323,metro,me_ro,5,Common,Medium
324,realm,r_alm,5,Common,Medium
325,glide,gl_de,5,Common,Medium
326,smoke,s_oke,5,Common,Medium
327,truly,t_uly,5,Common,Medium
328,known,kno_n,5,Common,Medium
329,power,pow_r,5,Common,Medium
330,honor,h_nor,5,Common,Medium
331,peace,pe_ce,5,Common,Medium
332,youth,y_uth,5,Common,Medium
333,pitch,pi_ch,5,Common,Medium
334,final,f_nal,5,Common,Medium
335,bland,b_and,5,Common,Medium
336,sassy,sas_y,5,Common,Medium
337,laugh,lau_h,5,Common,Medium
338,lunch,lun_h,5,Common,Medium
339,slide,s_ide,5,Common,Medium
340,urban,u_ban,5,Common,Medium
341,swing,swi_g,5,Common,Medium
342,apple,ap_le,5,Food,Medium
343,sugar,s_gar,5,Food,Medium
344,relax,rel_x,5,Common,Medium
345,board,b_ard,5,Common,Medium
346,trust,t_ust,5,Common,Medium
347,climb,cl_mb,5,Common,Medium
348,grove,gr_ve,5,Common,Medium
349,basic,b_sic,5,Slang,Medium
350,woman,w_man,5,Common,Medium
351,phone,ph_ne,5,Common,Medium
352,heart,h_art,5,Common,Medium
353,novel,no_el,5,Common,Medium
354,squad,sq_ad,5,Common,Medium
355,quick,qui_k,5,Common,Medium
356,drive,d_ive,5,Common,Medium
357,under,un_er,5,Common,Medium
358,guilt,g_ilt,5,Common,Medium
359,queen,que_n,5,Common,Medium
360,upper,u_per,5,Common,Medium
361,stark,s_ark,5,Common,Medium
362,grown,g_own,5,Common,Medium
363,clear,c_ear,5,Common,Medium
364,shape,sha_e,5,Common,Medium
365,trade,t_ade,5,Common,Medium
366,wrong,wr_ng,5,Common,Medium
367,pizza,p_zza,5,Food,Medium
368,graph,gr_ph,5,Common,Medium
369,panic,p_nic,5,Common,Medium
370,place,pla_e,5,Common,Medium
371,globe,gl_be,5,Common,Medium
372,indie,i_die,5,Common,Medium
373,pride,pri_e,5,Common,Medium
374,moral,mo_al,5,Common,Medium
375,break,br_ak,5,Common,Medium
376,phase,ph_se,5,Common,Medium
377,salty,s_lty,5,Slang,Medium
378,weird,wei_d,5,Common,Medium
379,faith,fai_h,5,Common,Medium
380,clock,c_ock,5,Common,Medium
381,knock,kn_ck,5,Common,Medium
382,bless,bl_ss,5,Common,Medium
383,scope,sc_pe,5,Tech,Medium
384,cover,c_ver,5,Common,Medium
385,sigma,s_gma,5,Slang,Medium
386,music,m_sic,5,Common,Medium
387,skate,ska_e,5,Common,Medium
388,digit,d_git,5,Common,Medium
389,drone,d_one,5,Common,Medium
390,found,f_und,5,Common,Medium
391,plate,p_ate,5,Common,Medium
392,ocean,oc_an,5,Common,Medium
393,stick,s_ick,5,Common,Medium
394,count,cou_t,5,Common,Medium
395,title,tit_e,5,Common,Medium
396,pearl,p_arl,5,Common,Medium
397,blood,b_ood,5,Common,Medium
398,photo,p_oto,5,Common,Medium
399,unity,uni_y,5,Common,Medium
400,build,b_ild,5,Common,Medium
401,logic,l_gic,5,Common,Hard
402,mouth,mou_h,5,Common,Hard
403,doubt,dou_t,5,Common,Hard
404,grant,gr_nt,5,Common,Hard
405,spend,s_end,5,Common,Hard
406,offer,o_fer,5,Common,Hard
407,share,s_are,5,Common,Hard
408,eight,ei_ht,5,Common,Hard
409,bonus,b_nus,5,Common,Hard
410,often,o_ten,5,Common,Hard
411,earth,ea_th,5,Common,Hard
412,drain,dr_in,5,Common,Hard
413,worst,wo_st,5,Common,Hard
414,smile,sm_le,5,Common,Hard
415,world,wo_ld,5,Common,Hard
416,lover,lo_er,5,Common,Hard
417,coach,c_ach,5,Common,Hard
418,messy,m_ssy,5,Common,Hard
419,slope,sl_pe,5,Common,Hard
420,lucky,lu_ky,5,Common,Hard
421,thing,t_ing,5,Common,Hard
422,major,maj_r,5,Common,Hard
423,hello,h_llo,5,Common,Hard
424,brief,bri_f,5,Common,Hard
425,crime,cr_me,5,Common,Hard
426,penny,pe_ny,5,Common,Hard
427,delay,del_y,5,Common,Hard
428,stage,st_ge,5,Common,Hard
429,breed,b_eed,5,Common,Hard
430,rusty,rus_y,5,Common,Hard
431,depth,de_th,5,Common,Hard
432,cocky,coc_y,5,Common,Hard
433,court,c_urt,5,Common,Hard
434,speed,s_eed,5,Common,Hard
435,scout,sco_t,5,Common,Hard
436,peach,pea_h,5,Food,Hard
437,scale,sca_e,5,Common,Hard
438,nervy,ner_y,5,Common,Hard
439,draft,d_aft,5,Common,Hard
440,grade,gr_de,5,Common,Hard
441,crisp,cri_p,5,Common,Hard
442,later,lat_r,5,Common,Hard
443,water,wat_r,5,Common,Hard
444,bring,b_ing,5,Common,Hard
445,green,gre_n,5,Common,Hard
446,viral,vi_al,5,Common,Hard
447,write,wr_te,5,Common,Hard
448,brush,b_ush,5,Common,Hard
449,glass,gl_ss,5,Common,Hard
450,pupil,p_pil,5,Common,Hard
451,visual,v_s_al,6,Common,Hard
452,rescue,r_sc_e,6,Common,Hard
453,broken,b__ken,6,Common,Hard
454,wealth,wea__h,6,Common,Hard
455,nature,n_t_re,6,Common,Hard
456,parent,p__ent,6,Common,Hard
457,source,so_r_e,6,Common,Hard
458,dreams,d__ams,6,Common,Hard
459,filter,fil__r,6,Common,Hard
460,around,a_o_nd,6,Common,Hard
461,verify,v__ify,6,Common,Hard
462,stream,str__m,6,Common,Hard
463,critic,c__tic,6,Common,Hard
464,expert,ex_e_t,6,Common,Hard
465,energy,en_r_y,6,Common,Hard
466,coffee,cof__e,6,Food,Hard
467,course,co__se,6,Common,Hard
468,status,st__us,6,Common,Hard
469,global,glo__l,6,Common,Hard
470,gritty,g_i_ty,6,Common,Hard
471,modern,m__ern,6,Common,Hard
472,divide,div__e,6,Common,Hard
473,longer,lo_g_r,6,Common,Hard
474,sudden,su__en,6,Common,Hard
475,enable,e__ble,6,Common,Hard
476,threat,th__at,6,Common,Hard
477,method,met__d,6,Common,Hard
478,hidden,hid__n,6,Common,Hard
479,valley,v_ll_y,6,Common,Hard
480,foster,f_s_er,6,Common,Hard
481,throne,t_ro_e,6,Common,Hard
482,sister,si__er,6,Common,Hard
483,clouds,c_ou_s,6,Common,Hard
484,desire,de__re,6,Common,Hard
485,casual,c__ual,6,Common,Hard
486,father,fa__er,6,Common,Hard
487,wander,w_n_er,6,Common,Hard
488,refuse,re_u_e,6,Common,Hard
489,zigzag,zi_z_g,6,Common,Hard
490,forest,fo__st,6,Common,Hard
491,motion,mo__on,6,Common,Hard
492,direct,d__ect,6,Common,Hard
493,settle,s_tt_e,6,Common,Hard
494,beyond,b_y_nd,6,Common,Hard
495,normal,nor__l,6,Common,Hard
496,figure,fi_u_e,6,Common,Hard
497,inform,in_o_m,6,Common,Hard
498,remind,r_mi_d,6,Common,Hard
499,column,c_l_mn,6,Common,Hard
500,public,pu_l_c,6,Common,Hard
501,update,u__ate,6,Common,Hard
502,across,acr__s,6,Common,Hard
503,modify,m__ify,6,Common,Hard
504,fallen,fa__en,6,Common,Hard
505,fabric,fa__ic,6,Common,Hard
506,online,onl__e,6,Common,Hard
507,relate,r_l_te,6,Common,Hard
508,height,h_i_ht,6,Common,Hard
509,simple,si__le,6,Common,Hard
510,animal,a_i_al,6,Common,Hard
511,strict,s_r_ct,6,Common,Hard
512,system,sys__m,6,Tech,Hard
513,family,f__ily,6,Common,Hard
514,credit,cr__it,6,Common,Hard
515,static,st__ic,6,Common,Hard
516,cosmic,co_m_c,6,Common,Hard
517,spooky,s_oo_y,6,Common,Hard
518,lesson,le__on,6,Common,Hard
519,evolve,ev__ve,6,Common,Hard
520,option,o_ti_n,6,Common,Hard
521,jungle,j_ng_e,6,Common,Hard
522,health,h__lth,6,Common,Hard
523,lowest,lo__st,6,Common,Hard
524,tissue,ti_s_e,6,Common,Hard
525,change,c_an_e,6,Common,Hard
526,bother,b_th_r,6,Common,Hard
527,cancel,can__l,6,Common,Hard
528,prefer,pr_f_r,6,Common,Hard
529,belief,be_i_f,6,Common,Hard
530,result,r_s_lt,6,Common,Hard
531,subway,s_bw_y,6,Common,Hard
532,locate,lo__te,6,Common,Hard
533,classy,cla__y,6,Common,Hard
534,future,f_tu_e,6,Common,Hard
535,nearby,ne__by,6,Common,Hard
536,proper,pro__r,6,Common,Hard
537,nearly,nea__y,6,Common,Hard
538,expand,ex__nd,6,Common,Hard
539,travel,tr_v_l,6,Common,Hard
540,choice,ch__ce,6,Common,Hard
541,though,th__gh,6,Common,Hard
542,resort,r__ort,6,Common,Hard
543,choose,ch_o_e,6,Common,Hard
544,define,def__e,6,Common,Hard
545,effect,eff__t,6,Common,Hard
546,puppet,p_pp_t,6,Common,Hard
547,nebula,ne__la,6,Common,Hard
548,accept,a_c_pt,6,Common,Hard
549,invent,i_v_nt,6,Common,Hard
550,quirky,qu__ky,6,Common,Hard
551,mother,m_t_er,6,Common,Hard
552,breath,br_a_h,6,Common,Hard
553,mystic,mys__c,6,Common,Hard
554,creepy,c__epy,6,Common,Hard
555,crafty,cr_f_y,6,Common,Hard
556,profit,pro__t,6,Common,Hard
557,chance,ch_n_e,6,Common,Hard
558,camera,c__era,6,Common,Hard
559,plenty,p_e_ty,6,Common,Hard
560,carpet,c_rp_t,6,Common,Hard
561,insist,in__st,6,Common,Hard
562,beauty,b_au_y,6,Common,Hard
563,fleece,f__ece,6,Common,Hard
564,proven,p__ven,6,Common,Hard
565,strong,st_o_g,6,Common,Hard
566,emerge,em__ge,6,Common,Hard
567,matter,mat__r,6,Common,Hard
568,client,c_i_nt,6,Common,Hard
569,stable,s_ab_e,6,Common,Hard
570,record,r_c_rd,6,Common,Hard
571,garden,ga__en,6,Common,Hard
572,pursue,pu_s_e,6,Common,Hard
573,remove,r_mo_e,6,Common,Hard
574,glossy,glo__y,6,Common,Hard
575,ground,g__und,6,Common,Hard
576,stupid,s_u_id,6,Common,Hard
577,debate,de__te,6,Common,Hard
578,formal,f_rm_l,6,Common,Hard
579,phrase,ph_a_e,6,Common,Hard
580,demand,de__nd,6,Common,Hard
581,server,s__ver,6,Tech,Hard
582,rising,ri__ng,6,Common,Hard
583,moving,m__ing,6,Common,Hard
584,cotton,c_tt_n,6,Common,Hard
585,sunset,s_ns_t,6,Common,Hard
586,bitter,bi_t_r,6,Common,Hard
587,mirror,m_rr_r,6,Common,Hard
588,brainy,bra__y,6,Common,Hard
589,better,b_tt_r,6,Common,Hard
590,career,car__r,6,Common,Hard
591,manner,m_n_er,6,Common,Hard
592,weapon,w_ap_n,6,Common,Hard
593,hustle,h_st_e,6,Common,Hard
594,people,p__ple,6,Common,Hard
595,softer,so__er,6,Common,Hard
596,gender,ge_d_r,6,Common,Hard
597,sleepy,s__epy,6,Common,Hard
598,higher,h_gh_r,6,Common,Hard
599,object,o__ect,6,Common,Hard
600,lounge,l_un_e,6,Common,Hard
601,mutual,m_t_al,6,Common,Hard
602,snarky,s_a_ky,6,Common,Hard
603,reveal,r__eal,6,Common,Hard
604,motive,m_ti_e,6,Common,Hard
605,driven,d_i_en,6,Common,Hard
606,puzzle,p_zz_e,6,Common,Hard
607,puddle,pu_d_e,6,Common,Hard
608,author,a_t_or,6,Common,Hard
609,permit,per__t,6,Common,Hard
610,center,c_nt_r,6,Common,Hard
611,launch,l_u_ch,6,Common,Hard
612,active,a_t_ve,6,Common,Hard
613,effort,e__ort,6,Common,Hard
614,commit,c__mit,6,Common,Hard
615,expect,exp__t,6,Common,Hard
616,yellow,ye__ow,6,Common,Hard
617,repeat,r_pe_t,6,Common,Hard
618,prince,p_i_ce,6,Common,Hard
619,budget,bu__et,6,Common,Hard
620,double,do_b_e,6,Common,Hard
621,slowly,s_o_ly,6,Common,Hard
622,junior,j__ior,6,Common,Hard
623,market,ma_k_t,6,Common,Hard
624,single,sin__e,6,Common,Hard
625,ignore,ig__re,6,Common,Hard
626,ribbon,r_bb_n,6,Common,Hard
627,wisdom,wi__om,6,Common,Hard
628,corner,c_rn_r,6,Common,Hard
629,rocket,r__ket,6,Common,Hard
630,theory,th_o_y,6,Common,Hard
631,poison,po_s_n,6,Common,Hard
632,empire,emp__e,6,Common,Hard
633,couple,c_up_e,6,Common,Hard
634,select,s_le_t,6,Common,Hard
635,castle,c__tle,6,Common,Hard
636,decide,de__de,6,Common,Hard
637,reduce,red__e,6,Common,Hard
638,doctor,do__or,6,Common,Hard
639,happen,h__pen,6,Common,Hard
640,trying,tr__ng,6,Common,Hard
641,thrill,t_r_ll,6,Common,Hard
642,ensure,en_u_e,6,Common,Hard
643,likely,l_ke_y,6,Common,Hard
644,portal,po__al,6,Common,Hard
645,friend,f__end,6,Common,Hard
646,ethnic,e__nic,6,Common,Hard
647,latest,lat__t,6,Common,Hard
648,listen,l__ten,6,Common,Hard
649,winter,w__ter,6,Common,Hard
650,extend,e_t_nd,6,Common,Hard
651,manage,m_n_ge,6,Common,Hard
652,needle,n_e_le,6,Common,Hard
653,treaty,t_e_ty,6,Common,Hard
654,delete,d_l_te,6,Common,Hard
655,wonder,w__der,6,Common,Hard
656,flower,f_o_er,6,Common,Hard
657,danger,dan__r,6,Common,Hard
658,easily,e__ily,6,Common,Hard
659,bridge,br_d_e,6,Common,Hard
660,actual,act__l,6,Common,Hard
661,random,r_n_om,6,Common,Hard
662,flashy,f__shy,6,Common,Hard
663,school,sc__ol,6,Common,Hard
664,person,pe__on,6,Common,Hard
665,temple,tem__e,6,Common,Hard
666,honest,ho_e_t,6,Common,Hard
667,origin,o__gin,6,Common,Hard
668,serial,ser__l,6,Common,Hard
669,singer,si_g_r,6,Common,Hard
670,target,t_r_et,6,Common,Hard
671,follow,f_l_ow,6,Common,Hard
672,planet,p_a_et,6,Common,Hard
673,battle,bat__e,6,Common,Hard
674,worker,wor__r,6,Common,Hard
675,cosmos,co__os,6,Common,Hard
676,joyful,joy__l,6,Common,Hard
677,action,a__ion,6,Common,Hard
678,tackle,t_c_le,6,Common,Hard
679,dollar,d__lar,6,Common,Hard
680,survey,su__ey,6,Common,Hard
681,bouncy,bou__y,6,Common,Hard
682,mental,men__l,6,Common,Hard
683,secure,se_u_e,6,Common,Hard
684,domain,do__in,6,Common,Hard
685,estate,e_t_te,6,Common,Hard
686,detail,de_a_l,6,Common,Hard
687,reason,r__son,6,Common,Hard
688,toward,t_wa_d,6,Common,Hard
689,useful,u__ful,6,Common,Hard
690,symbol,sy_b_l,6,Common,Hard
691,common,co_m_n,6,Common,Hard
692,velvet,v_l_et,6,Common,Hard
693,reward,r_w_rd,6,Common,Hard
694,cheeky,c_ee_y,6,Common,Hard
695,appear,a_p_ar,6,Common,Hard
696,escape,es__pe,6,Common,Hard
697,famous,fa__us,6,Common,Hard
698,notice,n_t_ce,6,Common,Hard
699,mobile,mo__le,6,Common,Hard
700,losing,lo_i_g,6,Common,Hard
701,compare,co_p__e,7,Vocab,Extreme
702,pursuit,p_rs__t,7,Vocab,Extreme
703,worldly,w_rl__y,7,Vocab,Extreme
704,several,se___al,7,Vocab,Extreme
705,obvious,obv___s,7,Vocab,Extreme
706,husband,h___and,7,Vocab,Extreme
707,example,ex_m__e,7,Vocab,Extreme
708,terrain,te__a_n,7,Vocab,Extreme
709,totally,to___ly,7,Vocab,Extreme
710,science,s__e_ce,7,Vocab,Extreme
711,harmony,h_r__ny,7,Vocab,Extreme
712,proverb,p_o__rb,7,Vocab,Extreme
713,feature,f_a__re,7,Vocab,Extreme
714,silence,sil___e,7,Vocab,Extreme
715,sadness,sa__e_s,7,Vocab,Extreme
716,pattern,p_tt__n,7,Vocab,Extreme
717,earnest,ear___t,7,Vocab,Extreme
718,usually,us_a__y,7,Vocab,Extreme
719,achieve,a__ie_e,7,Vocab,Extreme
720,hundred,h_n_r_d,7,Vocab,Extreme
721,through,t_r_u_h,7,Vocab,Extreme
722,patient,pa___nt,7,Vocab,Extreme
723,results,r_s_l_s,7,Vocab,Extreme
724,content,c_nt__t,7,Vocab,Extreme
725,perform,pe___rm,7,Vocab,Extreme
726,soaring,soa___g,7,Vocab,Extreme
727,believe,b__i_ve,7,Vocab,Extreme
728,meeting,m___ing,7,Vocab,Extreme
729,journey,jo_r__y,7,Vocab,Extreme
730,battery,b_t__ry,7,Vocab,Extreme
731,emperor,em__r_r,7,Vocab,Extreme
732,reunion,reu___n,7,Vocab,Extreme
733,foreign,fo__i_n,7,Vocab,Extreme
734,shelter,s_el__r,7,Vocab,Extreme
735,perfect,per___t,7,Vocab,Extreme
736,approve,a__r_ve,7,Vocab,Extreme
737,winning,w_nn__g,7,Vocab,Extreme
738,rebuild,re_u__d,7,Vocab,Extreme
739,quality,qu___ty,7,Vocab,Extreme
740,amazing,a___ing,7,Vocab,Extreme
741,royalty,ro__l_y,7,Vocab,Extreme
742,insight,i_si__t,7,Vocab,Extreme
743,reality,re___ty,7,Vocab,Extreme
744,private,pr___te,7,Vocab,Extreme
745,however,h__ev_r,7,Vocab,Extreme
746,kingdom,kin___m,7,Vocab,Extreme
747,dynasty,d_na__y,7,Vocab,Extreme
748,disease,d__e_se,7,Vocab,Extreme
749,declare,de___re,7,Vocab,Extreme
750,flutter,fl___er,7,Vocab,Extreme
751,digital,d__it_l,7,Tech,Extreme
752,anxiety,an__e_y,7,Vocab,Extreme
753,finance,f_na__e,7,Vocab,Extreme
754,athlete,a_h__te,7,Vocab,Extreme
755,healing,h___ing,7,Vocab,Extreme
756,tonight,ton___t,7,Vocab,Extreme
757,equally,e_ua__y,7,Vocab,Extreme
758,mandate,ma_d__e,7,Vocab,Extreme
759,driving,dr_v__g,7,Vocab,Extreme
760,benefit,b___fit,7,Vocab,Extreme
761,mastery,ma_t__y,7,Vocab,Extreme
762,certain,c___ain,7,Vocab,Extreme
763,concept,co__e_t,7,Vocab,Extreme
764,machine,m_c__ne,7,Vocab,Extreme
765,purpose,pu___se,7,Vocab,Extreme
766,faction,f_ct__n,7,Vocab,Extreme
767,segment,s__me_t,7,Vocab,Extreme
768,ancient,a_ci__t,7,Vocab,Extreme
769,problem,pro___m,7,Vocab,Extreme
770,country,c_u_t_y,7,Vocab,Extreme
771,failure,fa__u_e,7,Vocab,Extreme
772,absence,a_s_n_e,7,Vocab,Extreme
773,smaller,sm_l__r,7,Vocab,Extreme
774,weekend,we_k__d,7,Vocab,Extreme
775,patriot,pat___t,7,Vocab,Extreme
776,emotion,e__ti_n,7,Vocab,Extreme
777,academy,a__d_my,7,Vocab,Extreme
778,hopeful,h___ful,7,Vocab,Extreme
779,require,re__i_e,7,Vocab,Extreme
780,balance,ba___ce,7,Vocab,Extreme
781,evolved,e_o__ed,7,Vocab,Extreme
782,extreme,ex_r__e,7,Vocab,Extreme
783,genuine,gen___e,7,Vocab,Extreme
784,outside,out___e,7,Vocab,Extreme
785,project,pr__e_t,7,Vocab,Extreme
786,program,p___ram,7,Vocab,Extreme
787,finding,fi__i_g,7,Vocab,Extreme
788,devoted,d_vo__d,7,Vocab,Extreme
789,therapy,t__r_py,7,Vocab,Extreme
790,teacher,tea___r,7,Vocab,Extreme
791,economy,e___omy,7,Vocab,Extreme
792,forever,fo___er,7,Vocab,Extreme
793,fitness,f_t_e_s,7,Vocab,Extreme
794,playful,pl___ul,7,Vocab,Extreme
795,habitat,h___tat,7,Vocab,Extreme
796,passion,p__si_n,7,Vocab,Extreme
797,restore,r_st__e,7,Vocab,Extreme
798,ability,ab__i_y,7,Vocab,Extreme
799,goddess,g_d__ss,7,Vocab,Extreme
800,neglect,n_g__ct,7,Vocab,Extreme
801,writing,w_i_i_g,7,Vocab,Extreme
802,soldier,s_l__er,7,Vocab,Extreme
803,mankind,ma_k__d,7,Vocab,Extreme
804,minimal,m_n__al,7,Vocab,Extreme
805,stylish,s__li_h,7,Vocab,Extreme
806,billion,bi___on,7,Vocab,Extreme
807,vibrant,v_b__nt,7,Vocab,Extreme
808,growing,gr_w__g,7,Vocab,Extreme
809,worried,w_rr__d,7,Vocab,Extreme
810,burnout,bu_n__t,7,Vocab,Extreme
811,zealous,z_a__us,7,Vocab,Extreme
812,fashion,fa_h__n,7,Vocab,Extreme
813,glitter,gl___er,7,Vocab,Extreme
814,managed,m_na__d,7,Vocab,Extreme
815,anymore,a__mo_e,7,Vocab,Extreme
816,careful,c_r__ul,7,Vocab,Extreme
817,captain,c_pt__n,7,Vocab,Extreme
818,without,w___out,7,Vocab,Extreme
819,genesis,g_ne__s,7,Vocab,Extreme
820,trusted,tr___ed,7,Vocab,Extreme
821,protest,pr_t__t,7,Vocab,Extreme
822,feeling,f_el__g,7,Vocab,Extreme
823,history,h__to_y,7,Vocab,Extreme
824,confirm,c_n__rm,7,Vocab,Extreme
825,survive,s__v_ve,7,Vocab,Extreme
826,realize,re__i_e,7,Vocab,Extreme
827,perhaps,p_r_a_s,7,Vocab,Extreme
828,overall,o__ra_l,7,Vocab,Extreme
829,leading,l_a__ng,7,Vocab,Extreme
830,mindset,mi___et,7,Vocab,Extreme
831,mission,m__s_on,7,Vocab,Extreme
832,voltage,v_lt__e,7,Vocab,Extreme
833,another,an___er,7,Vocab,Extreme
834,mindful,mi__f_l,7,Vocab,Extreme
835,display,d___lay,7,Vocab,Extreme
836,release,re_e__e,7,Vocab,Extreme
837,waiting,w__ti_g,7,Vocab,Extreme
838,thought,t_ou__t,7,Vocab,Extreme
839,receive,r___ive,7,Vocab,Extreme
840,jealous,je_l__s,7,Vocab,Extreme
841,freedom,f__ed_m,7,Vocab,Extreme
842,knowing,kno___g,7,Vocab,Extreme
843,general,ge__r_l,7,Vocab,Extreme
844,serious,s___ous,7,Vocab,Extreme
845,subject,su__e_t,7,Vocab,Extreme
846,version,v__si_n,7,Vocab,Extreme
847,special,sp_c__l,7,Vocab,Extreme
848,blossom,b_os__m,7,Vocab,Extreme
849,witness,wit___s,7,Vocab,Extreme
850,triumph,t___mph,7,Vocab,Extreme
851,sensitive,se__it__e,9,Advanced,Extreme
852,wonderful,w_n_er__l,9,Advanced,Extreme
853,snapshot,sn____ot,8,Vocab,Extreme
854,critical,c_i___al,8,Vocab,Extreme
855,obsession,ob__s__on,9,Advanced,Extreme
856,situated,s__u_t_d,8,Vocab,Extreme
857,motivated,mo__va__d,9,Advanced,Extreme
858,birthday,b__t_d_y,8,Vocab,Extreme
859,pandemic,pa__e__c,8,Vocab,Extreme
860,somewhere,so___h_re,9,Advanced,Extreme
861,captured,c__tu__d,8,Vocab,Extreme
862,grateful,g____ful,8,Vocab,Extreme
863,complete,c__pl__e,8,Vocab,Extreme
864,syndrome,sy__r__e,8,Vocab,Extreme
865,scenario,sc__a__o,8,Vocab,Extreme
866,resolved,r__o__ed,8,Vocab,Extreme
867,determine,d_____ine,9,Advanced,Extreme
868,innocent,i___c_nt,8,Vocab,Extreme
869,industry,in___t_y,8,Vocab,Extreme
870,educated,e___a_ed,8,Vocab,Extreme
871,consistent,c_ns__t__t,10,Advanced,Extreme
872,generous,g_n___us,8,Vocab,Extreme
873,exclusive,ex__u___e,9,Advanced,Extreme
874,recorded,r__o__ed,8,Vocab,Extreme
875,relevant,re____nt,8,Vocab,Extreme
876,admitted,a___tt_d,8,Vocab,Extreme
877,communication,c_____i__tion,13,Advanced,Extreme
878,climbing,cli____g,8,Vocab,Extreme
879,charming,c_a___ng,8,Vocab,Extreme
880,manifesting,ma_____t_ng,11,Advanced,Extreme
881,overwhelmed,ov_rw_____d,11,Advanced,Extreme
882,aesthetic,a__t___ic,9,Tech,Extreme
883,feminine,f__i_i_e,8,Vocab,Extreme
884,potential,po___t__l,9,Advanced,Extreme
885,technical,te__n___l,9,Advanced,Extreme
886,determined,d__e_mi__d,10,Advanced,Extreme
887,guidance,gu___n_e,8,Vocab,Extreme
888,accepted,a_c___ed,8,Vocab,Extreme
889,understanding,u____s_a_d_ng,13,Advanced,Extreme
890,attacked,a____ked,8,Vocab,Extreme
891,incredible,i_c__d_b_e,10,Advanced,Extreme
892,correctly,c_r_e___y,9,Advanced,Extreme
893,naturally,na____l_y,9,Advanced,Extreme
894,transformation,t____for___i_n,14,Advanced,Extreme
895,sidewalk,s_d_w__k,8,Vocab,Extreme
896,positive,p__i_i_e,8,Vocab,Extreme
897,technology,t_ch____gy,10,Advanced,Extreme
898,humanity,h_m___ty,8,Vocab,Extreme
899,included,i_c___ed,8,Vocab,Extreme
900,recognize,re__g___e,9,Advanced,Extreme
901,unpredictable,u_pr___ct___e,13,Advanced,Extreme
902,emerging,em____ng,8,Vocab,Extreme
903,frequency,fr_q____y,9,Advanced,Extreme
904,influence,i_____nce,9,Advanced,Extreme
905,dedicated,d_di____d,9,Advanced,Extreme
906,isolated,iso____d,8,Vocab,Extreme
907,marketing,m___e_i_g,9,Advanced,Extreme
908,relationships,r___t_o_s__ps,13,Advanced,Extreme
909,election,ele____n,8,Vocab,Extreme
910,rational,ra____al,8,Vocab,Extreme
911,rejected,r____ted,8,Vocab,Extreme
912,expression,exp___s__n,10,Advanced,Extreme
913,presented,pr__e___d,9,Advanced,Extreme
914,manifest,man____t,8,Vocab,Extreme
915,behavior,b____ior,8,Vocab,Extreme
916,activate,ac__v__e,8,Vocab,Extreme
917,circumstances,c_r_u___an__s,13,Advanced,Extreme
918,different,d_ff____t,9,Advanced,Extreme
919,romanticize,ro__n_i___e,11,Slang,Extreme
920,business,bus____s,8,Vocab,Extreme
921,creativity,c_e__iv__y,10,Advanced,Extreme
922,uncomfortable,unco_______le,13,Advanced,Extreme
923,transparency,tra______n_y,12,Advanced,Extreme
924,annoying,a__o_i_g,8,Vocab,Extreme
925,stretched,str_____d,9,Advanced,Extreme
926,jealousy,j___o_sy,8,Vocab,Extreme
927,resilient,res_____t,9,Advanced,Extreme
928,genuinely,g___in__y,9,Advanced,Extreme
929,authentic,a__h___ic,9,Advanced,Extreme
930,lifestyle,l___s__le,9,Advanced,Extreme
931,delusion,de_u___n,8,Vocab,Extreme
932,volunteer,v__u__e_r,9,Advanced,Extreme
933,gaslight,g__li__t,8,Slang,Extreme
934,overcome,ove____e,8,Vocab,Extreme
935,impacted,im__c__d,8,Vocab,Extreme
936,thankful,th_n___l,8,Vocab,Extreme
937,heritage,h_r_t__e,8,Vocab,Extreme
938,realized,r___iz_d,8,Vocab,Extreme
939,indicate,in_i___e,8,Vocab,Extreme
940,parasocially,p_r____i_l_y,12,Advanced,Extreme
941,peaceful,p____ful,8,Vocab,Extreme
942,serotonin,s__o___in,9,Tech,Extreme
943,familiar,f____iar,8,Vocab,Extreme
944,tomorrow,t___r_ow,8,Vocab,Extreme
945,claiming,cl_i___g,8,Vocab,Extreme
946,religious,r____i_us,9,Advanced,Extreme
947,provided,p_o_i__d,8,Vocab,Extreme
948,confused,c_n__s_d,8,Vocab,Extreme
949,gaslighting,g___i__ti_g,11,Slang,Extreme
950,upgraded,u____ded,8,Vocab,Extreme
951,watching,w____ing,8,Vocab,Extreme
952,cultural,cu___r_l,8,Vocab,Extreme
953,constant,c_n__a_t,8,Vocab,Extreme
954,probable,pr__a__e,8,Vocab,Extreme
955,collaboration,c___a__r__i_n,13,Advanced,Extreme
956,confident,c___id__t,9,Advanced,Extreme
957,permanent,p_____ent,9,Advanced,Extreme
958,accurate,a__u_a_e,8,Vocab,Extreme
959,finished,f_n___ed,8,Vocab,Extreme
960,yearning,y__r_i_g,8,Vocab,Extreme
961,template,t____ate,8,Vocab,Extreme
962,adjusted,ad___t_d,8,Vocab,Extreme
963,creation,cr____on,8,Vocab,Extreme
964,yesterday,y__t__d_y,9,Advanced,Extreme
965,evidence,e_i__n_e,8,Vocab,Extreme
966,establish,es___l__h,9,Advanced,Extreme
967,procrastinate,p___ra___n__e,13,Advanced,Extreme
968,community,co____i_y,9,Advanced,Extreme
969,absolute,a_so___e,8,Vocab,Extreme
970,universal,u__ve___l,9,Advanced,Extreme
971,collapse,c____pse,8,Vocab,Extreme
972,knowledge,k__wl___e,9,Advanced,Extreme
973,represent,r__r_s__t,9,Advanced,Extreme
974,ambitious,amb_____s,9,Advanced,Extreme
975,priority,p___ri_y,8,Vocab,Extreme
976,bringing,b_i__i_g,8,Vocab,Extreme
977,situationship,s__u___o_s__p,13,Slang,Extreme
978,authenticity,a____nt___ty,12,Advanced,Extreme
979,equipped,eq_i___d,8,Vocab,Extreme
980,addicted,ad_i___d,8,Vocab,Extreme
981,studying,s__d_i_g,8,Vocab,Extreme
982,progress,p____ess,8,Vocab,Extreme
983,procrastination,p___ras____t__n,15,Advanced,Extreme
984,overthink,o_e___i_k,9,Advanced,Extreme
985,identity,i___ti_y,8,Vocab,Extreme
986,boundaries,bo__d____s,10,Advanced,Extreme
987,contradiction,co_t_a______n,13,Advanced,Extreme
988,designed,d___g_ed,8,Vocab,Extreme
989,observed,ob__r__d,8,Vocab,Extreme
990,accountability,ac________l_ty,14,Advanced,Extreme
991,database,d__ab__e,8,Tech,Extreme
992,whenever,w_e_e__r,8,Vocab,Extreme
993,balanced,b__a_c_d,8,Vocab,Extreme
994,organized,or___i__d,9,Advanced,Extreme
995,consciousness,co_____u__e_s,13,Advanced,Extreme
996,exciting,e_c___ng,8,Vocab,Extreme
997,transform,tra_____m,9,Advanced,Extreme
998,substance,s____an_e,9,Advanced,Extreme
999,hardship,ha_d___p,8,Vocab,Extreme
1000,thinking,t__n__ng,8,Vocab,Extreme
